Variant,Frequency
8:37051853-->8:37050885+,2
8:37050885+->8:37051853-,2
8:37051853-->8:37050884+,2
8:37050884+->8:37051853-,2
8:41562646+->8:36911775-,1
8:36565912+->11:68668881-,1
11:60766335+->11:70210405+,1
11:60453333-->8:41676916+,1
8:42697640+->8:40708424+,1
8:37761850-->8:40026997+,1
8:40026997+->8:37761850-,1
11:66250248+->11:60748800+,1
8:41676916+->11:60453333-,1
11:70210405+->11:60766335+,1
8:39387228-->8:39232017+,1
11:70210421-->8:36554840-,1
11:69243055+->11:66249563-,1
8:41643609-->8:42697669-,1
8:40774632+->8:40779765-,1
8:36911775-->8:41562646+,1
12:111318600+->11:69059487+,1
8:40849199+->11:66447593-,1
8:42697669-->8:41643609-,1
8:35737624-->11:70309358+,1
8:40289706+->8:40296287-,1
8:40469734+->8:40470383-,1
11:60766380-->8:20022165-,1
11:66249563-->11:69243055+,1
8:40296287-->8:40289706+,1
11:70309358+->8:35737624-,1
8:40779765-->8:40774632+,1
8:40708424+->8:42697640+,1
8:40470383-->8:40469734+,1
11:68668881-->8:36565912+,1
11:60748800+->11:66250248+,1
11:69059487+->12:111318600+,1
8:40851335-->8:43182356+,1
8:39232017+->8:39387228-,1
8:36554840-->11:70210421-,1
12:111318558-->1:30961887+,1
11:69856344-->5:23677416-,1
7:64424265+->8:4343797+,1
8:39919502-->8:39920275-,1
8:39594593+->7:62634535-,1
8:39495937-->14:52973248-,1
8:40160369+->8:40161699+,1
17:30276678-->18:19247052+,1
17:30276681-->7:65213502+,1
17:30276679-->12:43159558-,1
8:38212229-->X:76255288+,1
7:133784123+->17:30276679-,1
7:64318058-->7:64315824+,1
8:39920275-->8:39919502-,1
17:30276678-->3:23298913+,1
7:64289994-->19:22314402-,1
7:65238602-->7:64544430+,1
8:38650972-->8:38622961-,1
7:133798329-->7:133785002+,1
7:64523818-->7:65217958+,1
7:133785002+->7:133798329-,1
8:40161699+->8:40160369+,1
7:64315824+->7:64318058-,1
8:39602058-->8:39564590-,1
7:65213502+->17:30276681-,1
8:39564590-->8:39602058-,1
17:30276675-->7:67587679-,1
8:39138004-->8:38087685-,1
17:30276679-->3:71468572-,1
8:40289706+->8:40296288-,1
7:64544430+->7:65238602-,1
8:37502967+->11:33208517+,1
8:38622961-->8:38650972-,1
8:38087685-->8:39138004-,1
8:37405235-->8:37404523-,1
17:30291437+->17:29084825-,1
8:40296288-->8:40289706+,1
17:30276679-->7:133784123+,1
17:30276678-->1:243315742+,1
8:37404523-->8:37405235-,1
7:65217958+->7:64523818-,1
21:46747167-->8:36742319-,1
8:38931132+->8:37329438-,1
8:37209450-->8:38978429+,1
8:37329438-->8:38931132+,1
8:38865780+->8:36031130-,1
8:36557821+->8:40146251-,1
8:36690913+->21:46747034-,1
8:36031130-->8:38865780+,1
8:36587500-->8:36586783-,1
8:37457993+->8:37466344-,1
8:36586783-->8:36587500-,1
8:37466344-->8:37457993+,1
8:37502883+->11:33208517+,1
21:46747034-->8:36690913+,1
8:38978429+->8:37209450-,1
8:36742319-->21:46747167-,1
10:62407968-->8:40606326-,1
10:55157043+->10:61707441-,1
10:61707441-->10:55157043+,1
8:35306430-->8:34516602+,1
8:37833377-->8:37842428-,1
10:62568344+->8:34334010-,1
8:37833345+->10:54784343+,1
8:38849845+->8:145120884+,1
8:40271602+->8:40936513+,1
8:39733355-->8:39732199-,1
8:41947486-->3:53089579-,1
8:40936513+->8:40271602+,1
10:55034278-->10:54763508+,1
8:41758139-->1:23952629-,1
8:36383085+->18:2707206+,1
8:37862734+->8:37844292-,1
8:39732199-->8:39733355-,1
8:37842428-->8:37833377-,1
10:54784343+->8:37833345+,1
8:34500489-->8:37836437+,1
8:36369988+->8:36371859-,1
8:37834050+->8:37835067-,1
8:37844292-->8:37862734+,1
10:55104978-->5:50716421+,1
10:54783928-->8:37832090+,1
8:34516602+->8:35306430-,1
8:34334010-->10:62568344+,1
8:37843047+->8:37856466-,1
8:37835067-->8:37834050+,1
8:37836437+->8:34500489-,1
8:37856466-->8:37843047+,1
8:37832090+->10:54783928-,1
8:40606326-->10:62407968-,1
10:54763508+->10:55034278-,1
8:36371859-->8:36369988+,1
X:4614755-->8:40570762+,1
4:83120659+->4:83739670-,1
8:18517092+->8:38143404+,1
17:48958083-->4:63190772-,1
17:60310656-->17:33409961-,1
11:55196536-->11:55084797+,1
17:46942083-->8:19755676-,1
7:107410629-->17:64245388+,1
7:107410630-->12:93263730-,1
8:12715279+->8:19756074+,1
8:100477515-->8:64743959-,1
4:83739670-->4:83120659+,1
8:38621018+->17:37984062-,1
17:31375050+->17:50511651+,1
17:49756105-->8:38814595-,1
4:83889821+->4:89364788+,1
8:19756074+->8:12715279+,1
10:47063483+->7:107410613-,1
8:12713118-->8:12757226-,1
8:20488734+->17:46942363-,1
8:38814595-->17:49756105-,1
17:37984062-->8:38621018+,1
7:107410613-->10:47063483+,1
17:50286230+->17:30746568+,1
8:39324202-->8:39326352-,1
8:18023703-->17:38086202+,1
7:107410679+->17:60760800+,1
17:46942314+->17:37890374+,1
8:38143404+->8:18517092+,1
8:39207697+->X:4782674+,1
17:37943012+->8:38609588-,1
17:50675920+->X:48998813+,1
17:37433907-->8:20654720-,1
7:107410627-->10:5671802-,1
17:50511651+->17:31375050+,1
7:107410616-->11:132559086-,1
8:39365085-->17:49282264-,1
17:47826825+->17:47827938-,1
17:60517029-->17:47278572+,1
8:38609588-->17:37943012+,1
17:30475576+->17:50359721+,1
17:30919765-->6:50980334-,1
7:107410626-->6:127979287+,1
8:38143509-->8:38141340-,1
8:39326352-->8:39324202-,1
17:46944303-->3:13352556-,1
8:12975390+->8:18100627-,1
17:38086202+->8:18023703-,1
17:49773024+->X:56962468+,1
17:49975437+->8:38535735-,1
X:4782674+->8:39207697+,1
17:30276678-->8:100366444+,1
8:20654720-->17:37433907-,1
8:13732141+->17:37702947-,1
7:107410626-->17:70285922+,1
8:38535735-->17:49975437+,1
17:50256856-->8:39094278+,1
8:100366444+->17:30276678-,1
8:38141340-->8:38143509-,1
8:20674944+->8:20402057-,1
17:29900853-->17:61352827+,1
17:37702947-->8:13732141+,1
17:46942363-->8:20488734+,1
17:30919634+->6:50980478+,1
7:107410603-->5:66619822+,1
8:12757226-->8:12713118-,1
17:49970583-->17:49972714-,1
17:60760800+->7:107410679+,1
8:18455944-->8:18454620+,1
17:47827938-->17:47826825+,1
8:39094278+->17:50256856-,1
17:49282264-->8:39365085-,1
17:37978209+->8:38578187+,1
17:61352827+->17:29900853-,1
7:107410626-->11:55201166-,1
8:40570762+->X:4614755-,1
11:55196388+->11:55084684-,1
8:38578187+->17:37978209+,1
17:49972714-->17:49970583-,1
17:37890374+->17:46942314+,1
8:18454620+->8:18455944-,1
17:47278572+->17:60517029-,1
7:107410631-->3:114602652+,1
10:47059580-->10:47023102-,1
17:50359721+->17:30475576+,1
11:55201166-->7:107410626-,1
8:18100627-->8:12975390+,1
17:30276679-->X:91674674+,1
8:20402057-->8:20674944+,1
17:30746568+->17:50286230+,1
8:19755676-->17:46942083-,1
8:127192204+->8:127194571-,1
8:131218328+->8:131216995+,1
8:131852738-->8:131850748+,1
8:42194368-->8:42190456+,1
19:40615760-->19:40613103+,1
8:128533829-->3:111274084-,1
8:134878845-->8:135683070+,1
19:40286378-->7:116755593-,1
8:127363661-->8:132111640+,1
8:34955505+->8:137772658+,1
8:41758199-->1:23952797-,1
8:135082929+->8:135089015-,1
8:131910567-->8:131909931-,1
19:40464881-->19:40464309+,1
8:34904117-->19:41227263+,1
8:128307309+->8:128303513+,1
8:122513895+->8:122515185+,1
8:129471266-->8:129465167+,1
1:23952797-->8:41758199-,1
19:40613103+->19:40615760-,1
8:126601134-->8:126595128+,1
8:122514870-->8:122513901-,1
8:128303513+->8:128307309+,1
19:37225683-->19:37219963-,1
19:36816454+->15:89088842+,1
8:126595128+->8:126601134-,1
8:36383084+->18:2707207+,1
1:23952470-->14:104698280-,1
8:138742966+->8:138743861-,1
19:37219963-->19:37225683-,1
8:131909931-->8:131910567-,1
8:134878250+->8:135682538-,1
8:135682538-->8:134878250+,1
8:127194571-->8:127192204+,1
8:132111640+->8:127363661-,1
8:131216995+->8:131218328+,1
8:129465167+->8:129471266-,1
8:135683070+->8:134878845-,1
19:38279145-->19:38280252+,1
8:131850748+->8:131852738-,1
8:132601910+->8:138080460+,1
19:41227263+->8:34904117-,1
8:137772658+->8:34955505+,1
8:122513901-->8:122514870-,1
19:38280252+->19:38279145-,1
8:136768370-->8:47961953-,1
8:138745533-->3:95121680+,1
8:138080460+->8:132601910+,1
8:42190456+->8:42194368-,1
8:122515185+->8:122513895+,1
8:138743861-->8:138742966+,1
19:39044952-->X:122804376+,1
19:40464309+->19:40464881-,1
8:135089015-->8:135082929+,1
8:127430785-->8:139173362+,1
8:39700452+->8:128499840+,1
8:40098521+->8:40097518+,1
8:39478597+->8:39441523+,1
9:123551962+->8:37553674-,1
8:37553153-->9:123551801-,1
8:37920139+->8:37903028+,1
8:40097518+->8:40098521+,1
9:123551801-->8:37553153-,1
8:37903028+->8:37920139+,1
8:37553674-->9:123551962+,1
8:39441554-->8:39440782+,1
8:39505225-->4:58817490+,1
8:39440782+->8:39441554-,1
8:39441523+->8:39478597+,1
